question,questionLetterLength,altQuestion,Question,followUp,categoryName,category,level,requireLockIn,nonNeg,documentary,needToComeLater
"Who is your favourite Spice Girl, and why?",42,,,,Literature or Cultural,9c219554-49de-4a99-8c14-86ea62a84c41,lighthearted,FALSE,FALSE,FALSE,FALSE
You find a wallet with £100 on the street. What do you do?,58,,,,Life & Ethics,c76b8c70-efce-4474-832a-6c3cccb6550e,medium,FALSE,FALSE,FALSE,FALSE
What's your ideal date?,23,,,,Love & Relationships,09704acd-f205-4afd-807d-692f8e513840,lighthearted,FALSE,FALSE,FALSE,FALSE
How did you celebrate your most recent birthday?,48,,,,Social practice & dependability,39a95767-630b-44f9-8d08-67ae64c6ab35,lighthearted,FALSE,FALSE,FALSE,FALSE
When do you feel most comfortable within yourself?,50,,,,Philosophical & Spiritual,50647b88-b49d-48c2-899f-01ec6f1ad77e,deep,FALSE,FALSE,FALSE,FALSE
What do you value more: kindness or intelligence?,49,,,,Philosophical & Spiritual,50647b88-b49d-48c2-899f-01ec6f1ad77e,medium,FALSE,FALSE,FALSE,FALSE
Who do you look up to?,22,,,,Cultural Background & Family or personal History,0144753f-3590-4091-bfeb-7433d137e5ba,medium,FALSE,FALSE,FALSE,FALSE
Do you have any regrets?,24,,,,Philosophical & Spiritual,50647b88-b49d-48c2-899f-01ec6f1ad77e,deep,FALSE,FALSE,FALSE,FALSE
Do you own a gun? ,18,,,"FOLLOW UP: If so, why?",Social practice & dependability,39a95767-630b-44f9-8d08-67ae64c6ab35,medium,FALSE,FALSE,FALSE,FALSE
What parts of your personality would you rather not pass on to a child?,71,,,,Cultural Background & Family or personal History,0144753f-3590-4091-bfeb-7433d137e5ba,deep,FALSE,FALSE,FALSE,FALSE
Why did you want to do this?,28,,,,Work & Ambition,d7afa659-277e-47f5-8d8a-3e12a53ca5d7,medium,FALSE,FALSE,FALSE,TRUE
"Are there any questions I haven't asked you, that you think I should have?",74,,,,Personal views,d2886006-d0b3-4e77-abc9-b263ba51e79e,medium,FALSE,FALSE,FALSE,TRUE
What makes you happy?,21,,,,Life & Ethics,c76b8c70-efce-4474-832a-6c3cccb6550e,deep,FALSE,FALSE,FALSE,FALSE
What are you hungry for?,24,,,,Work & Ambition,d7afa659-277e-47f5-8d8a-3e12a53ca5d7,medium,FALSE,FALSE,FALSE,FALSE
Have you ever tried to conceive? ,33,,,FOLLOW UP: How long did you try for?,Cultural Background & Family or personal History,0144753f-3590-4091-bfeb-7433d137e5ba,deep,FALSE,FALSE,FALSE,TRUE
Are any of your family members other races or cultures than you?,64,,,,Cultural Background & Family or personal History,0144753f-3590-4091-bfeb-7433d137e5ba,medium,FALSE,FALSE,FALSE,FALSE
Do you own any Lucy & Yak?,26,,,,Humour,ccdac514-519c-4c2c-b9e6-643688ac73ba,lighthearted,FALSE,FALSE,FALSE,FALSE
Do you know any magic tricks? ,30,,,,Humour,ccdac514-519c-4c2c-b9e6-643688ac73ba,lighthearted,FALSE,FALSE,FALSE,FALSE
Do you wish you were famous?,28,,,,Work & Ambition,d7afa659-277e-47f5-8d8a-3e12a53ca5d7,lighthearted,FALSE,FALSE,FALSE,FALSE
What embarasses you?,20,,,,Life & Ethics,c76b8c70-efce-4474-832a-6c3cccb6550e,medium,FALSE,FALSE,FALSE,FALSE
Have you ever had a lucid dream?,32,,,FOLLOW UP: a dream where you know you are dreaming?,Health & Fertility,3e87b2c3-3314-44ae-9126-fccd8f27b1eb,medium,FALSE,FALSE,FALSE,FALSE
What would be your parenting discipline style?,46,,,,Cultural Background & Family or Personal History,0144753f-3590-4091-bfeb-7433d137e5ba,deep,FALSE,FALSE,FALSE,FALSE
"If you were to be my sperm donor, what would your expectations be from me in the future?",88,"If you were to ever donate sperm or eggs to someone, what would your expectations of them be in return?",,,Social practice & dependability,39a95767-630b-44f9-8d08-67ae64c6ab35,medium,TRUE,TRUE,FALSE,FALSE
At what age should you teach children about death?,50,,,,Personal views,d2886006-d0b3-4e77-abc9-b263ba51e79e,medium,FALSE,FALSE,FALSE,FALSE
Do you plan or do you go with the flow?,39,,,,Social practice & dependability,39a95767-630b-44f9-8d08-67ae64c6ab35,lighthearted,FALSE,FALSE,FALSE,FALSE
Do you believe people are inherently good or bad?,49,,,,Philosophical & Spiritual,50647b88-b49d-48c2-899f-01ec6f1ad77e,medium,FALSE,FALSE,FALSE,FALSE
At what age should you teach children about sex?,48,,,,Personal views,d2886006-d0b3-4e77-abc9-b263ba51e79e,medium,FALSE,FALSE,FALSE,FALSE
What’s your favourite way to move your body?,44,,,,Health & Fertility,3e87b2c3-3314-44ae-9126-fccd8f27b1eb,lighthearted,FALSE,FALSE,FALSE,FALSE
"When making choices, are you led by thought or feeling?",55,,,,Social practice & dependability,39a95767-630b-44f9-8d08-67ae64c6ab35,medium,FALSE,TRUE,FALSE,FALSE
"If you were to go on any reality TV show, what would it be? ",60,,,,Literature or Cultural,9c219554-49de-4a99-8c14-86ea62a84c41,lighthearted,FALSE,FALSE,FALSE,FALSE
Are there queer people in your life?,36,,,,Cultural Background & Family or personal History,0144753f-3590-4091-bfeb-7433d137e5ba,medium,FALSE,FALSE,FALSE,FALSE
Why do you choose the brands you purchase?,42,,,,Material Possessions & Finance,36f6dee9-9426-42fb-a922-792c87db2e1e,medium,FALSE,FALSE,FALSE,FALSE
"You run into a celebrity, would you ignore them or go over and chat?",68,,,,Literature or Cultural,9c219554-49de-4a99-8c14-86ea62a84c41,lighthearted,FALSE,FALSE,FALSE,FALSE
What’s your go-to karaoke song?,31,,,,Literature or Cultural,9c219554-49de-4a99-8c14-86ea62a84c41,lighthearted,FALSE,FALSE,FALSE,FALSE
What's the fiercest animal you think you could fight and win?,61,,,,Health & Fertility,3e87b2c3-3314-44ae-9126-fccd8f27b1eb,lighthearted,FALSE,FALSE,FALSE,FALSE
Do you like to plan?,20,,,,Communication,7de96aae-e318-4718-bfa1-c7ecfeaa47f0,lighthearted,FALSE,FALSE,FALSE,FALSE
What's your relationship to social media?,41,,,,Communication,7de96aae-e318-4718-bfa1-c7ecfeaa47f0,lighthearted,FALSE,FALSE,FALSE,FALSE
Do you have pizzazz?,20,,,,Humour,ccdac514-519c-4c2c-b9e6-643688ac73ba,lighthearted,FALSE,FALSE,FALSE,FALSE
Do you love with your heart or your mind?,41,,,,Philosophical & Spiritual,50647b88-b49d-48c2-899f-01ec6f1ad77e,medium,FALSE,FALSE,FALSE,FALSE
Would you lend me £5?,21,,,,Material Possessions & Finance,36f6dee9-9426-42fb-a922-792c87db2e1e,lighthearted,FALSE,FALSE,FALSE,TRUE
Do you like your own company?,29,,,,Social practice & dependability,39a95767-630b-44f9-8d08-67ae64c6ab35,deep,FALSE,FALSE,FALSE,FALSE
"When you're on a beach, do you look for nice shells to take home?",65,,,,Material Possessions & Finance,36f6dee9-9426-42fb-a922-792c87db2e1e,lighthearted,FALSE,FALSE,FALSE,FALSE
Can you tell me about the last time you did something brave?,60,,,,Work & Ambition,d7afa659-277e-47f5-8d8a-3e12a53ca5d7,deep,FALSE,FALSE,FALSE,FALSE
How do you think you're going to die?,37,,,,Philosophical & Spiritual,50647b88-b49d-48c2-899f-01ec6f1ad77e,deep,FALSE,FALSE,FALSE,FALSE
How often do you think about death?,35,,,,Philosophical & Spiritual,50647b88-b49d-48c2-899f-01ec6f1ad77e,deep,FALSE,FALSE,FALSE,FALSE
What’s your star sign?,22,,,,Philosophical & Spiritual,50647b88-b49d-48c2-899f-01ec6f1ad77e,lighthearted,FALSE,FALSE,FALSE,FALSE
What's your relationship to astrology?,38,,,,Philosophical & Spiritual,50647b88-b49d-48c2-899f-01ec6f1ad77e,lighthearted,FALSE,FALSE,FALSE,FALSE
"If you were to donate to us, would you inform us in the future about any changes to your medical status?",104,Do you believe a donor has an obligation to inform us in the future about any changes to their medical status?,,,Health & Fertility,3e87b2c3-3314-44ae-9126-fccd8f27b1eb,medium,TRUE,TRUE,FALSE,TRUE
How do you think others perceive you?,37,,What impression do you think you leave on people?,,Social practice & dependability,39a95767-630b-44f9-8d08-67ae64c6ab35,medium,FALSE,FALSE,FALSE,FALSE
Do you perform well under pressure? ,36,,,FOLLOW UP: (That's not a euphemism!),Work & Ambition,d7afa659-277e-47f5-8d8a-3e12a53ca5d7,medium,FALSE,FALSE,FALSE,FALSE
"If you were to donate to us, would you be comfortable with the child being brought up in a financial situation that is different than yours?",140,"If you were to donate sperm or eggs to someone, would you be comfortable with this child being brought up in a financial situation different to yours?",,,Material Possessions & Finance,36f6dee9-9426-42fb-a922-792c87db2e1e,deep,TRUE,TRUE,FALSE,FALSE
Would you donate to me again if I terminate the pregnancy the first time?,73,"If you were to donate sperm or eggs to someone, would you donate to them again if they terminate the pregnancy the first time?",,,Personal views,d2886006-d0b3-4e77-abc9-b263ba51e79e,deep,TRUE,TRUE,FALSE,FALSE
Are you doing this because you're: A) doing me a favour B) doing a good deed C) doing it for yourself D) trying to start a cult?,128,,,,Humour,ccdac514-519c-4c2c-b9e6-643688ac73ba,medium,FALSE,TRUE,FALSE,FALSE
"Your house is on fire, what do you save?",40,,,,Material Possessions & Finance,36f6dee9-9426-42fb-a922-792c87db2e1e,medium,FALSE,FALSE,FALSE,FALSE
How much money do you think someone should make a year before they have a child? ,81,,,,Material Possessions & Finance,36f6dee9-9426-42fb-a922-792c87db2e1e,deep,FALSE,TRUE,FALSE,FALSE
Have you ever done drag?,24,,,,Humour,ccdac514-519c-4c2c-b9e6-643688ac73ba,lighthearted,FALSE,FALSE,FALSE,FALSE
How do you want to be remembered?,33,,,,Work & Ambition,d7afa659-277e-47f5-8d8a-3e12a53ca5d7,deep,FALSE,FALSE,FALSE,FALSE
Do you secretly wonder if we're actually in a simulation?,57,,,,Life & Ethics,c76b8c70-efce-4474-832a-6c3cccb6550e,lighthearted,FALSE,FALSE,FALSE,FALSE
What’s your party trick?,24,,,,Humour,ccdac514-519c-4c2c-b9e6-643688ac73ba,lighthearted,FALSE,FALSE,FALSE,FALSE
Have you watched the Princess Diaries?,38,,,,Literature or Cultural,9c219554-49de-4a99-8c14-86ea62a84c41,lighthearted,FALSE,FALSE,FALSE,FALSE
When’s the last time you had a sexual health test?,50,,,,Health & Fertility,3e87b2c3-3314-44ae-9126-fccd8f27b1eb,deep,FALSE,TRUE,FALSE,FALSE
Who is the first person or thing that pops into your head when I say: A) Family B) Loyalty C) Promise D) Legacy?,112,,,,Love & Relationships,09704acd-f205-4afd-807d-692f8e513840,medium,FALSE,TRUE,FALSE,FALSE
Did you have any pets as a child?,33,,,,Cultural Background & Family or personal History,0144753f-3590-4091-bfeb-7433d137e5ba,lighthearted,FALSE,FALSE,FALSE,FALSE
Do you imagine in colour?,25,,,,Cultural Background & Family or Personal History,0144753f-3590-4091-bfeb-7433d137e5ba,lighthearted,FALSE,FALSE,FALSE,FALSE
How do you feel about the act of abstaining from voting?,56,,,,Philosophical & Spiritual,50647b88-b49d-48c2-899f-01ec6f1ad77e,medium,FALSE,FALSE,FALSE,FALSE
"If there was one thing you could immediately change about the society we live in, what would it be?",99,,,,Philosophical & Spiritual,50647b88-b49d-48c2-899f-01ec6f1ad77e,medium,FALSE,FALSE,FALSE,FALSE
What's culture to you?,22,,,,Literature or Cultural,9c219554-49de-4a99-8c14-86ea62a84c41,medium,FALSE,FALSE,FALSE,FALSE
How much does income play a part in how you define success?,59,,,,Material Possessions & Finance,36f6dee9-9426-42fb-a922-792c87db2e1e,medium,FALSE,FALSE,FALSE,FALSE
What qualities attract you to a person?,39,,,,Philosophical & Spiritual,50647b88-b49d-48c2-899f-01ec6f1ad77e,medium,FALSE,FALSE,FALSE,FALSE
"If someone unknowingly broke the law, do you think they should be penalised for it?",83,,,,Life & Ethics,c76b8c70-efce-4474-832a-6c3cccb6550e,medium,FALSE,FALSE,FALSE,FALSE
Is lying ever a good thing?,27,,,,Philosophical & Spiritual,50647b88-b49d-48c2-899f-01ec6f1ad77e,medium,FALSE,FALSE,FALSE,FALSE
Can people change?,18,,,,Philosophical & Spiritual,50647b88-b49d-48c2-899f-01ec6f1ad77e,medium,FALSE,FALSE,FALSE,FALSE
"What holds more weight, someone's intention or the impact it has?",65,,,,Philosophical & Spiritual,50647b88-b49d-48c2-899f-01ec6f1ad77e,medium,FALSE,TRUE,FALSE,FALSE
What do you think I should name my baby?,40,,,,Humour,ccdac514-519c-4c2c-b9e6-643688ac73ba,lighthearted,FALSE,FALSE,FALSE,FALSE
Can we choose our emotions or do they happen to us?,51,,,,Communication,7de96aae-e318-4718-bfa1-c7ecfeaa47f0,medium,FALSE,FALSE,FALSE,FALSE
What emotion do you try to avoid the most?,42,,,,Philosophical & Spiritual,50647b88-b49d-48c2-899f-01ec6f1ad77e,medium,FALSE,FALSE,FALSE,FALSE
How do you show love?,21,,,,Love & Relationships,09704acd-f205-4afd-807d-692f8e513840,deep,FALSE,FALSE,FALSE,FALSE
Would you rather work alone or with a group of people?,54,,,,Communication,7de96aae-e318-4718-bfa1-c7ecfeaa47f0,medium,FALSE,FALSE,FALSE,FALSE
Where do you go to hide?,24,,,,Social practice & dependability,39a95767-630b-44f9-8d08-67ae64c6ab35,medium,FALSE,FALSE,FALSE,FALSE
What’s your dream job?,22,,,,Work & Ambition,d7afa659-277e-47f5-8d8a-3e12a53ca5d7,lighthearted,FALSE,FALSE,FALSE,FALSE
Meet a unicorn or slide down a rainbow?,39,,,,Humour,ccdac514-519c-4c2c-b9e6-643688ac73ba,lighthearted,FALSE,FALSE,FALSE,FALSE
When was the last time you apologised to someone and what for?,62,,,,Communication,7de96aae-e318-4718-bfa1-c7ecfeaa47f0,deep,FALSE,FALSE,FALSE,FALSE
How would you share bad news? ,30,,,,Communication,7de96aae-e318-4718-bfa1-c7ecfeaa47f0,deep,FALSE,FALSE,FALSE,FALSE
How do you look after yourself?,31,,,,Health & Fertility,3e87b2c3-3314-44ae-9126-fccd8f27b1eb,medium,FALSE,FALSE,FALSE,FALSE
"If you donated sperm to me, how would you feel about this child being raised by someone who is a different race or culture to you?",130,"If you ever donated sperm or eggs to someone, how would you feel about the child being raised by someone who is a different race or culture to you?",,,Cultural Background & Family or personal History,0144753f-3590-4091-bfeb-7433d137e5ba,deep,TRUE,TRUE,FALSE,FALSE
Have you ever spoken to your parents about race?,48,,,,Cultural Background & Family or personal History,0144753f-3590-4091-bfeb-7433d137e5ba,deep,FALSE,FALSE,FALSE,FALSE
What is your relationship to whiteness? ,40,,,"FOLLOW UP: If they have sperm & hate white ppl, 'how do you feel about this child having one white parent'?",Cultural Background & Family or personal History,0144753f-3590-4091-bfeb-7433d137e5ba,deep,FALSE,TRUE,FALSE,FALSE
What's your relationship to your family?,40,,,,Cultural Background & Family or personal History,0144753f-3590-4091-bfeb-7433d137e5ba,deep,FALSE,TRUE,FALSE,FALSE
"If you donated sperm to me, what would your parents or family think about it? How would you manage their expectations of their relationship to this child?",154,"If you were to donate your sperm or eggs to someone, what would your parents or family think about it? How would you manage their expectations of their relationship to this child?",,,Cultural Background & Family or personal History,0144753f-3590-4091-bfeb-7433d137e5ba,deep,TRUE,TRUE,FALSE,FALSE
Would you tell your parents or siblings if you ever donated your sperm to me?,77,Would you tell your parents or siblings if you ever donated your sperm or eggs?,,,Cultural Background & Family or personal History,0144753f-3590-4091-bfeb-7433d137e5ba,deep,TRUE,TRUE,FALSE,FALSE
"If you were to donate sperm to us, how involved would you want to be in the child's life? ",90,"If you were to donate your sperm or eggs, how involved would you want to be in the child's life?",,,Love & Relationships,09704acd-f205-4afd-807d-692f8e513840,medium,TRUE,TRUE,FALSE,FALSE
"If you donated sperm to us, how would you feel if me and my partner moved to another country with the child?",108,"If you donated your sperm or eggs, how would you feel if the parents you donated to move to another country with the child?",,,Cultural Background & Family or personal History,0144753f-3590-4091-bfeb-7433d137e5ba,deep,TRUE,TRUE,FALSE,FALSE
"If you donated to us, how would you feel if you met or saw a picture of the child and they looked exactly like you? ",116,"If you donated your sperm or eggs, how would you feel if you met or saw a picture of the child and they looked exactly like you?",,,Love & Relationships,09704acd-f205-4afd-807d-692f8e513840,deep,TRUE,TRUE,FALSE,FALSE
"If you donated sperm to us and I got pregnant, would you be open to donating to us again to have more children?",111,"If you donated your sperm or eggs, would you be open to donating to the same family again to have more children?",,,Cultural Background & Family or personal History,0144753f-3590-4091-bfeb-7433d137e5ba,medium,TRUE,TRUE,FALSE,FALSE
Are you a cop?,14,,,,Work & Ambition,d7afa659-277e-47f5-8d8a-3e12a53ca5d7,medium,FALSE,FALSE,FALSE,TRUE
Were you popular at school?,27,,,,Cultural Background & Family or personal History,0144753f-3590-4091-bfeb-7433d137e5ba,medium,FALSE,FALSE,FALSE,FALSE
Describe the shape of the Earth?,32,,,,Personal views,d2886006-d0b3-4e77-abc9-b263ba51e79e,lighthearted,FALSE,FALSE,FALSE,FALSE
"What's your favourite piece of clothing, and why?",49,,,,Material Possessions & Finance,36f6dee9-9426-42fb-a922-792c87db2e1e,lighthearted,FALSE,FALSE,FALSE,FALSE
Do you have any big juicy family secrets?,41,,,,Cultural Background & Family or personal History,0144753f-3590-4091-bfeb-7433d137e5ba,deep,FALSE,FALSE,FALSE,FALSE
Can you tell me something you've changed your mind about recently?,66,,,,Social practice & dependability,39a95767-630b-44f9-8d08-67ae64c6ab35,medium,FALSE,TRUE,FALSE,FALSE
Have you ever had an epiphany?,30,,,,Life & Ethics,c76b8c70-efce-4474-832a-6c3cccb6550e,deep,FALSE,FALSE,FALSE,FALSE
What's your favourite colour?,29,,,,Cultural Background & Family or Personal History,0144753f-3590-4091-bfeb-7433d137e5ba,lighthearted,FALSE,FALSE,FALSE,FALSE
Have you ever had fertility tests?,34,,,,Health & Fertility,3e87b2c3-3314-44ae-9126-fccd8f27b1eb,deep,FALSE,FALSE,FALSE,FALSE
Who would you climb any mountain for?,37,,,,Love & Relationships,09704acd-f205-4afd-807d-692f8e513840,medium,FALSE,FALSE,FALSE,FALSE
They say children should be seen and not heard. Do you agree or disagree?,73,,,,Personal views,d2886006-d0b3-4e77-abc9-b263ba51e79e,medium,FALSE,FALSE,FALSE,FALSE
Have you ever faked an injury?,30,,,,Health & Fertility,3e87b2c3-3314-44ae-9126-fccd8f27b1eb,lighthearted,FALSE,FALSE,FALSE,FALSE
Would you tell a little white lie just for some fun?,52,,,,Philosophical & Spiritual,50647b88-b49d-48c2-899f-01ec6f1ad77e,medium,FALSE,FALSE,FALSE,FALSE
"Imagine you're at a carnival, you have enough money for one game, do you: A) bob for apples B) splat a rat C) buy sweets D) go for a spliff?",140,,,,Humour,ccdac514-519c-4c2c-b9e6-643688ac73ba,lighthearted,FALSE,FALSE,FALSE,FALSE
How did you feel when you heard the Queen had died?,51,,,,Personal views,d2886006-d0b3-4e77-abc9-b263ba51e79e,medium,FALSE,FALSE,FALSE,FALSE
"If you donated sperm to me, and I had twins or triplets, would you want to keep one?",84,"If you donated sperm or eggs to someone, and they had twins or triplets, would you want to keep one?",,,Love & Relationships,09704acd-f205-4afd-807d-692f8e513840,medium,TRUE,TRUE,FALSE,FALSE
"After an argument, would you rather be alone or talk it out?",60,,,,Communication,7de96aae-e318-4718-bfa1-c7ecfeaa47f0,medium,FALSE,TRUE,FALSE,FALSE
How do you feel about socks with sandals being back in fashion?,63,,,,Humour,ccdac514-519c-4c2c-b9e6-643688ac73ba,lighthearted,FALSE,FALSE,FALSE,FALSE
Would you rather be too hot or too cold?,40,,,,Health & Fertility,3e87b2c3-3314-44ae-9126-fccd8f27b1eb,lighthearted,FALSE,FALSE,FALSE,FALSE
Do you like to win?,19,,,,Work & Ambition,d7afa659-277e-47f5-8d8a-3e12a53ca5d7,medium,FALSE,FALSE,FALSE,FALSE
Is it important for you to be right?,36,,,,Communication,7de96aae-e318-4718-bfa1-c7ecfeaa47f0,medium,FALSE,FALSE,FALSE,FALSE
Do you have a favourite conspiracy theory?,42,,,,Literature or Cultural,9c219554-49de-4a99-8c14-86ea62a84c41,lighthearted,FALSE,FALSE,FALSE,FALSE
Do you believe in aliens?,25,,,,Humour,ccdac514-519c-4c2c-b9e6-643688ac73ba,lighthearted,FALSE,FALSE,FALSE,FALSE
Do you ever wonder what you're missing out on?,46,,,,Philosophical & Spiritual,50647b88-b49d-48c2-899f-01ec6f1ad77e,medium,FALSE,FALSE,FALSE,FALSE
Can you keep a secret? ,23,,,,Communication,7de96aae-e318-4718-bfa1-c7ecfeaa47f0,medium,FALSE,FALSE,FALSE,FALSE
Do you think anyone can be a good parent?,41,,,,Personal views,d2886006-d0b3-4e77-abc9-b263ba51e79e,medium,FALSE,TRUE,FALSE,FALSE
Is there a specific reason you decided to be here today? ,57,,,,Work & Ambition,d7afa659-277e-47f5-8d8a-3e12a53ca5d7,deep,FALSE,TRUE,FALSE,TRUE
Are you punctual?,17,,,,Social practice & dependability,39a95767-630b-44f9-8d08-67ae64c6ab35,medium,FALSE,FALSE,FALSE,FALSE
What time do you usually go to bed?,35,,,,Health & Fertility,3e87b2c3-3314-44ae-9126-fccd8f27b1eb,lighthearted,FALSE,FALSE,FALSE,FALSE
Do your parents want grandchildren?,35,,,"FOLLOW UP: Depending on what they say, cheeky come back of ""is that why ur here vibes""??",Cultural Background & Family or personal History,0144753f-3590-4091-bfeb-7433d137e5ba,medium,FALSE,TRUE,FALSE,FALSE
How many people do you call 'aunty' that you are not related to?,64,,,,Cultural Background & Family or personal History,0144753f-3590-4091-bfeb-7433d137e5ba,lighthearted,FALSE,FALSE,FALSE,FALSE
How do you define family?,25,,,,Love & Relationships,09704acd-f205-4afd-807d-692f8e513840,medium,FALSE,FALSE,FALSE,FALSE
Is it rude to call someone 'aunty' if they are only a couple of months older than you?,86,,,,Cultural Background & Family or personal History,0144753f-3590-4091-bfeb-7433d137e5ba,lighthearted,FALSE,FALSE,FALSE,FALSE
Are you less inclined to donate sperm to someone with opposing political views?,79,Are you less inclined to donate sperm or eggs to someone with opposing political views?,,,Life & Ethics,c76b8c70-efce-4474-832a-6c3cccb6550e,medium,TRUE,TRUE,FALSE,FALSE
Do you think children need to be crocodile savvy?,49,,,,Humour,ccdac514-519c-4c2c-b9e6-643688ac73ba,lighthearted,FALSE,FALSE,FALSE,FALSE
Do you like people ordering food for you at a restaurant?,57,,,,Love & Relationships,09704acd-f205-4afd-807d-692f8e513840,lighthearted,FALSE,FALSE,FALSE,FALSE
Why are you here today?,23,,,,Work & Ambition,d7afa659-277e-47f5-8d8a-3e12a53ca5d7,deep,FALSE,FALSE,FALSE,FALSE
What's been the highlight of your week?,39,,,,Life & Ethics,c76b8c70-efce-4474-832a-6c3cccb6550e,lighthearted,FALSE,FALSE,FALSE,FALSE
Have you ever met your doppelganger?,36,,,,Literature or Cultural,9c219554-49de-4a99-8c14-86ea62a84c41,lighthearted,FALSE,FALSE,FALSE,FALSE
Who relies on you?,18,,,,Love & Relationships,09704acd-f205-4afd-807d-692f8e513840,deep,FALSE,TRUE,FALSE,FALSE
What's the last mistake you made? ,34,,,,Communication,7de96aae-e318-4718-bfa1-c7ecfeaa47f0,medium,FALSE,FALSE,FALSE,FALSE
Do you currently feel like being here is a mistake?,51,,,,Communication,7de96aae-e318-4718-bfa1-c7ecfeaa47f0,medium,FALSE,TRUE,FALSE,FALSE
Do you think you might regret being here in the future?,55,,,,Communication,7de96aae-e318-4718-bfa1-c7ecfeaa47f0,medium,FALSE,TRUE,FALSE,FALSE
Do you have children in your life?,34,,,,Love & Relationships,09704acd-f205-4afd-807d-692f8e513840,medium,FALSE,FALSE,FALSE,FALSE
Do you like kids?,17,,,,Love & Relationships,09704acd-f205-4afd-807d-692f8e513840,lighthearted,FALSE,FALSE,FALSE,FALSE
"If a six year-old asked you if Santa was real, what would you say?",66,,,,Literature or Cultural,9c219554-49de-4a99-8c14-86ea62a84c41,lighthearted,FALSE,FALSE,FALSE,FALSE
"If I became pregnant with twins or triplets, how would you feel if I aborted some?",82,,,,Health & Fertility,3e87b2c3-3314-44ae-9126-fccd8f27b1eb,deep,FALSE,TRUE,FALSE,FALSE
"If you donated sperm to us, how would you feel if I aborted a pregnancy made from it?",85,"How would you feel if the person you donated your sperm or eggs to, aborted a pregnancy made from your donation?",,,Health & Fertility,3e87b2c3-3314-44ae-9126-fccd8f27b1eb,deep,TRUE,TRUE,FALSE,FALSE
"If your neighbour came and asked you for sugar, would you assume that they wanted sex or sugar?",95,,,,Humour,ccdac514-519c-4c2c-b9e6-643688ac73ba,medium,FALSE,FALSE,FALSE,FALSE
"If someone threw something at us right now, what would you do?",62,,,,Humour,ccdac514-519c-4c2c-b9e6-643688ac73ba,medium,FALSE,FALSE,FALSE,FALSE
"If you could have any fictional creature as a pet, what would it be? ",69,,,,Literature or Cultural,9c219554-49de-4a99-8c14-86ea62a84c41,lighthearted,FALSE,FALSE,FALSE,FALSE
"If you could instantly learn any skill, what would you choose?",62,,,,Philosophical & Spiritual,50647b88-b49d-48c2-899f-01ec6f1ad77e,lighthearted,FALSE,FALSE,FALSE,FALSE
"If you could live in any historical period, which would you choose?",67,,,,Literature or Cultural,9c219554-49de-4a99-8c14-86ea62a84c41,lighthearted,FALSE,FALSE,FALSE,FALSE
Do you like roller coasters?,28,,,,Humour,ccdac514-519c-4c2c-b9e6-643688ac73ba,lighthearted,FALSE,FALSE,FALSE,FALSE
"If you could have any superpower for a day, what would it be?",61,,,FOLLOW UP: how would you use it?,Humour,ccdac514-519c-4c2c-b9e6-643688ac73ba,lighthearted,FALSE,FALSE,FALSE,FALSE
Who would play you in the movie of your life?,45,,,,Literature or Cultural,9c219554-49de-4a99-8c14-86ea62a84c41,lighthearted,FALSE,FALSE,FALSE,FALSE
"If you were a character in a classic fairy tale, which character would you be?",78,,,FOLLOW UP: And would you change the narrative?,Literature or Cultural,9c219554-49de-4a99-8c14-86ea62a84c41,lighthearted,FALSE,FALSE,FALSE,FALSE
Favourite lyric or song?,24,,,,Literature or Cultural,9c219554-49de-4a99-8c14-86ea62a84c41,lighthearted,FALSE,FALSE,FALSE,FALSE
"If you were to pick a form of schooling for a child,  for example: Forest school, Boarding, Montessori, Steiner, State etc, what would it be and why?",149,,,,Literature or Cultural,9c219554-49de-4a99-8c14-86ea62a84c41,medium,FALSE,FALSE,FALSE,FALSE
Do you think  intelligence is innate or genetic?,48,,,,Philosophical & Spiritual,50647b88-b49d-48c2-899f-01ec6f1ad77e,medium,FALSE,FALSE,FALSE,FALSE
What do you lose the most sleep over?,37,,,,Life & Ethics,c76b8c70-efce-4474-832a-6c3cccb6550e,deep,FALSE,FALSE,FALSE,FALSE
Can you juggle?,15,,,,Humour,ccdac514-519c-4c2c-b9e6-643688ac73ba,lighthearted,FALSE,FALSE,FALSE,FALSE
Can you solve a Rubik's cube?,29,,,,Humour,ccdac514-519c-4c2c-b9e6-643688ac73ba,medium,FALSE,FALSE,FALSE,FALSE
What do you see?,16,,,INK BLOT TEST!,Health & Fertility,3e87b2c3-3314-44ae-9126-fccd8f27b1eb,lighthearted,FALSE,FALSE,FALSE,FALSE
"If you could choose between pursuing your passion or guaranteeing financial security for the rest of your life, what would you choose?",134,,,,Material Possessions & Finance,36f6dee9-9426-42fb-a922-792c87db2e1e,medium,FALSE,FALSE,FALSE,FALSE
How do you deal with difficult memories?,40,,,,Cultural Background & Family or personal History,0144753f-3590-4091-bfeb-7433d137e5ba,deep,FALSE,FALSE,FALSE,FALSE
"If you discover that someone close to you was involved in illegal activities, what would you do?",96,,,,Life & Ethics,c76b8c70-efce-4474-832a-6c3cccb6550e,medium,FALSE,FALSE,FALSE,FALSE
What do you think merits calling the police?,44,,,,Life & Ethics,c76b8c70-efce-4474-832a-6c3cccb6550e,medium,FALSE,FALSE,FALSE,FALSE
How do you feel about polyamorous people having children?,57,,,,Love & Relationships,09704acd-f205-4afd-807d-692f8e513840,medium,FALSE,TRUE,FALSE,FALSE
How do you feel about open relationships?,41,,,,Love & Relationships,09704acd-f205-4afd-807d-692f8e513840,medium,FALSE,FALSE,FALSE,FALSE
What do you think makes a good parent?,38,,,,Love & Relationships,09704acd-f205-4afd-807d-692f8e513840,medium,FALSE,TRUE,FALSE,FALSE
What's the last book you read?,30,,,,Literature or Cultural,9c219554-49de-4a99-8c14-86ea62a84c41,medium,FALSE,FALSE,FALSE,FALSE
Do you carry a weapon? ,23,,,FOLLOW UP: What is it? And why?,Personal views,d2886006-d0b3-4e77-abc9-b263ba51e79e,deep,FALSE,FALSE,FALSE,FALSE
Do you trust doctors?,21,,,,Health & Fertility,3e87b2c3-3314-44ae-9126-fccd8f27b1eb,medium,FALSE,FALSE,FALSE,FALSE
What do you do on a typical Saturday night?,43,,,,Social practice & dependability,39a95767-630b-44f9-8d08-67ae64c6ab35,lighthearted,FALSE,FALSE,FALSE,FALSE
What's your favourite flower?,29,,,,Literature or Cultural,9c219554-49de-4a99-8c14-86ea62a84c41,lighthearted,FALSE,FALSE,FALSE,FALSE
Do you enjoy spending time in nature?,37,,,,Literature or Cultural,9c219554-49de-4a99-8c14-86ea62a84c41,lighthearted,FALSE,FALSE,FALSE,FALSE
Is there anything about you that you think I should know?,57,,,,Cultural Background & Family or personal History,0144753f-3590-4091-bfeb-7433d137e5ba,medium,FALSE,TRUE,FALSE,TRUE
"If I asked today, would you be happy to undergo fertility testing?",66,,,,Health & Fertility,3e87b2c3-3314-44ae-9126-fccd8f27b1eb,medium,FALSE,TRUE,FALSE,FALSE
What's the first book you read that really stuck with you?,58,,,,Literature or Cultural,9c219554-49de-4a99-8c14-86ea62a84c41,medium,FALSE,FALSE,FALSE,FALSE
What's your relationship to your parents?,41,,,,Cultural Background & Family or Personal History,0144753f-3590-4091-bfeb-7433d137e5ba,deep,FALSE,TRUE,FALSE,FALSE
What is something you've always wanted to do but were too afraid to?,68,,,,Cultural Background & Family or personal History,0144753f-3590-4091-bfeb-7433d137e5ba,deep,FALSE,FALSE,FALSE,FALSE
Would you have answered any questions differently if your parents were in the audience?,87,,,,Cultural Background & Family or personal History,0144753f-3590-4091-bfeb-7433d137e5ba,medium,FALSE,TRUE,FALSE,TRUE
What's something you would like to learn or be better at?,57,,,,Work & Ambition,d7afa659-277e-47f5-8d8a-3e12a53ca5d7,medium,FALSE,FALSE,FALSE,FALSE
What were you like as a kid?,28,,,,Cultural Background & Family or personal History,0144753f-3590-4091-bfeb-7433d137e5ba,medium,FALSE,FALSE,FALSE,FALSE
What do you like to do in your free time?,41,,,,Literature or Cultural,9c219554-49de-4a99-8c14-86ea62a84c41,lighthearted,FALSE,FALSE,FALSE,FALSE
Who would you say comprises your family unit?,45,,,,Cultural Background & Family or personal History,0144753f-3590-4091-bfeb-7433d137e5ba,medium,FALSE,FALSE,FALSE,FALSE
Do you have a five year plan?,29,,,,Work & Ambition,d7afa659-277e-47f5-8d8a-3e12a53ca5d7,medium,FALSE,FALSE,FALSE,FALSE
Do you have a vision board for your life?,41,,,,Work & Ambition,d7afa659-277e-47f5-8d8a-3e12a53ca5d7,medium,FALSE,FALSE,FALSE,FALSE
Are you in any relationships? ,30,,,"FOLLOW UP: If you were to consider donating sperm to me, how would this impact your partner/s? OR If you were to donate sperm or eggs to someone, how would this impact your partner/s?",Love & Relationships,09704acd-f205-4afd-807d-692f8e513840,medium,FALSE,TRUE,FALSE,FALSE
Have you ever considered donating sperm or eggs before?,55,,,,Health & Fertility,3e87b2c3-3314-44ae-9126-fccd8f27b1eb,medium,FALSE,TRUE,FALSE,FALSE
What do you think is more important; individual choice or collective wellbeing?,79,,,,Life & Ethics,c76b8c70-efce-4474-832a-6c3cccb6550e,medium,FALSE,FALSE,FALSE,FALSE
Have you ever had a hospitality job? ,37,,,,Material Possessions & Finance,36f6dee9-9426-42fb-a922-792c87db2e1e,medium,FALSE,FALSE,FALSE,FALSE
Are you friends with anyone who works in law enforcement?,57,,,,Love & Relationships,09704acd-f205-4afd-807d-692f8e513840,medium,FALSE,FALSE,FALSE,FALSE
What do you think about marriage?,33,,,,Love & Relationships,09704acd-f205-4afd-807d-692f8e513840,medium,FALSE,FALSE,FALSE,FALSE
What do you think about Artificial Intelligence?,48,,,,Literature or Cultural,9c219554-49de-4a99-8c14-86ea62a84c41,medium,FALSE,FALSE,FALSE,FALSE
What are you afraid of?,23,,,,Philosophical & Spiritual,50647b88-b49d-48c2-899f-01ec6f1ad77e,deep,FALSE,FALSE,FALSE,FALSE
How often do you speak to your closest friends?,47,,,,Love & Relationships,09704acd-f205-4afd-807d-692f8e513840,lighthearted,FALSE,FALSE,FALSE,FALSE
How quickly do you expect people to reply to a text message?,60,,,,Communication,7de96aae-e318-4718-bfa1-c7ecfeaa47f0,medium,FALSE,FALSE,FALSE,FALSE
How quickly do you expect people to reply to an email?,54,,,,Communication,7de96aae-e318-4718-bfa1-c7ecfeaa47f0,medium,FALSE,FALSE,FALSE,FALSE
How quickly do you usually reply to a text message?,51,,,,Communication,7de96aae-e318-4718-bfa1-c7ecfeaa47f0,medium,FALSE,FALSE,FALSE,FALSE
How quickly do you usually respond to an email?,47,,,,Communication,7de96aae-e318-4718-bfa1-c7ecfeaa47f0,medium,FALSE,FALSE,FALSE,FALSE
"When no one's there to see, how do you express joy?",51,,,,Philosophical & Spiritual,50647b88-b49d-48c2-899f-01ec6f1ad77e,medium,FALSE,FALSE,FALSE,FALSE
"When no one's there to see, how do you express anger?",53,,,,Philosophical & Spiritual,50647b88-b49d-48c2-899f-01ec6f1ad77e,medium,FALSE,FALSE,FALSE,FALSE
What’s the last TV series you binged?,37,,,,Literature or Cultural,9c219554-49de-4a99-8c14-86ea62a84c41,lighthearted,FALSE,FALSE,FALSE,FALSE
What song is your happy place?,30,,,,Literature or Cultural,9c219554-49de-4a99-8c14-86ea62a84c41,lighthearted,FALSE,FALSE,FALSE,FALSE
What movie have you watched the most number of times?,53,,,,Literature or Cultural,9c219554-49de-4a99-8c14-86ea62a84c41,lighthearted,FALSE,FALSE,FALSE,FALSE
"Do you prefer spending time one-on-one, or in a big group?",58,,,,Social practice & dependability,39a95767-630b-44f9-8d08-67ae64c6ab35,lighthearted,FALSE,FALSE,FALSE,FALSE
Do you like to be the centre of attention?,42,,,,Social practice & dependability,39a95767-630b-44f9-8d08-67ae64c6ab35,medium,FALSE,FALSE,FALSE,FALSE
Do you think how much someone earns is an accurate measure of how good they are at their job?,93,,,,Material Possessions & Finance,36f6dee9-9426-42fb-a922-792c87db2e1e,deep,FALSE,FALSE,FALSE,FALSE
Have you ever ghosted someone you've slept with?,48,,,,Love & Relationships,09704acd-f205-4afd-807d-692f8e513840,medium,FALSE,FALSE,FALSE,FALSE
Have you ever ghosted a workplace?,34,,,,Love & Relationships,09704acd-f205-4afd-807d-692f8e513840,medium,FALSE,FALSE,FALSE,FALSE
Have you ever ghosted a friend?,31,,,,Love & Relationships,09704acd-f205-4afd-807d-692f8e513840,medium,FALSE,FALSE,FALSE,FALSE
Can people be inherently “bad”?,31,,,,Philosophical & Spiritual,50647b88-b49d-48c2-899f-01ec6f1ad77e,medium,FALSE,FALSE,FALSE,FALSE
How do you deal with conflict in your close relationships?,58,,,,Communication,7de96aae-e318-4718-bfa1-c7ecfeaa47f0,deep,FALSE,TRUE,FALSE,FALSE
How good are you at remembering your friends’ birthdays?,56,,,,Love & Relationships,09704acd-f205-4afd-807d-692f8e513840,medium,FALSE,FALSE,FALSE,FALSE
Are you a fast swimmer? ,24,,,FOLLOW UP: Not a euphemism!,Health & Fertility,3e87b2c3-3314-44ae-9126-fccd8f27b1eb,lighthearted,FALSE,FALSE,FALSE,FALSE
Did you enjoy sports day as a kid?,34,,,,Health & Fertility,3e87b2c3-3314-44ae-9126-fccd8f27b1eb,lighthearted,FALSE,FALSE,FALSE,FALSE
Have you ever been a bully?,27,,,,Communication,7de96aae-e318-4718-bfa1-c7ecfeaa47f0,deep,FALSE,FALSE,FALSE,FALSE
Can you stroke your tummy and pat your head at the same time?,61,,,FOLLOW UP: Let's see it!,Humour,ccdac514-519c-4c2c-b9e6-643688ac73ba,lighthearted,FALSE,FALSE,FALSE,FALSE
Were you good at designing houses on The Sims?,46,,,,Literature or Cultural,9c219554-49de-4a99-8c14-86ea62a84c41,lighthearted,FALSE,FALSE,FALSE,FALSE
Does anybody have a vendetta against you?,41,,,,Social practice & dependability,39a95767-630b-44f9-8d08-67ae64c6ab35,medium,FALSE,FALSE,FALSE,FALSE
Are you a good dancer?,22,,,FOLLOW UP: Let's see it!,Social practice & dependability,39a95767-630b-44f9-8d08-67ae64c6ab35,lighthearted,FALSE,FALSE,FALSE,FALSE
"At the club, do you dance in the centre or in a dark corner?",,,,,Social practice & dependability,39a95767-630b-44f9-8d08-67ae64c6ab35,lighthearted,FALSE,FALSE,FALSE,FALSE
Who is your arch nemesis?,25,,,,Social practice & dependability,39a95767-630b-44f9-8d08-67ae64c6ab35,medium,FALSE,FALSE,FALSE,FALSE
What’s your opinion on performance art?,39,,,,Literature or Cultural,9c219554-49de-4a99-8c14-86ea62a84c41,lighthearted,FALSE,FALSE,FALSE,FALSE
Have you volunteered for performance art stuff before?,54,,,,Literature or Cultural,9c219554-49de-4a99-8c14-86ea62a84c41,lighthearted,FALSE,FALSE,FALSE,FALSE
Are you a performance artist?,29,,,FOLLOW UP: Have you ever thought about making performance?,Literature or Cultural,9c219554-49de-4a99-8c14-86ea62a84c41,lighthearted,FALSE,FALSE,FALSE,FALSE
What cult classic do you hate?,30,,,,Literature or Cultural,9c219554-49de-4a99-8c14-86ea62a84c41,lighthearted,FALSE,FALSE,FALSE,FALSE
Do you quote movies often?,26,,,FOLLOW UP: Do you have any favourite movie quotes?,Literature or Cultural,9c219554-49de-4a99-8c14-86ea62a84c41,lighthearted,FALSE,FALSE,FALSE,FALSE
"Who's your favourite Kardashian, and why?",41,,,,Literature or Cultural,9c219554-49de-4a99-8c14-86ea62a84c41,lighthearted,FALSE,FALSE,FALSE,FALSE
Do you want kids in the future?,31,,,,Love & Relationships,09704acd-f205-4afd-807d-692f8e513840,medium,FALSE,FALSE,FALSE,FALSE
What's the most common personality quirk you think you and your family share?,77,,,,Cultural Background & Family or personal History,0144753f-3590-4091-bfeb-7433d137e5ba,medium,FALSE,FALSE,FALSE,FALSE
Do you have a family trust fund?,32,,,FOLLOW UP: Good to know. ,Material Possessions & Finance,36f6dee9-9426-42fb-a922-792c87db2e1e,deep,FALSE,FALSE,FALSE,FALSE
"If you were to donate sperm to me, do you expect to financially be involved with this child? ",93,"If you were to donate sperm or eggs, do you expect to be financially involved with that child?",,,Material Possessions & Finance,36f6dee9-9426-42fb-a922-792c87db2e1e,medium,TRUE,TRUE,FALSE,FALSE
"Who’s your least favourite family member, and why?",50,,,,Love & Relationships,09704acd-f205-4afd-807d-692f8e513840,deep,FALSE,FALSE,FALSE,FALSE
"Who’s your favourite family member, and why?",44,,,,Love & Relationships,09704acd-f205-4afd-807d-692f8e513840,deep,FALSE,FALSE,FALSE,FALSE
Are you a door slammer?,23,,,,Communication,7de96aae-e318-4718-bfa1-c7ecfeaa47f0,medium,FALSE,FALSE,FALSE,FALSE
What's your favourite swear word?,33,,,,Humour,ccdac514-519c-4c2c-b9e6-643688ac73ba,lighthearted,FALSE,FALSE,FALSE,FALSE
What swear word do you use the most?,36,,,,Humour,ccdac514-519c-4c2c-b9e6-643688ac73ba,lighthearted,FALSE,FALSE,FALSE,FALSE
When do you think life begins?,30,,,,Personal views,d2886006-d0b3-4e77-abc9-b263ba51e79e,deep,FALSE,FALSE,FALSE,FALSE
"When someone comes to you with a problem, how do you respond?",61,,,,Communication,7de96aae-e318-4718-bfa1-c7ecfeaa47f0,medium,FALSE,FALSE,FALSE,FALSE
Is there a fetish you used to be ashamed of but now you aren't?,63,,,,Love & Relationships,09704acd-f205-4afd-807d-692f8e513840,deep,FALSE,FALSE,FALSE,FALSE
What does the word lineage mean to you?,39,,,,Philosophical & Spiritual,50647b88-b49d-48c2-899f-01ec6f1ad77e,medium,FALSE,TRUE,FALSE,FALSE
"If you donated sperm to me, would you want to keep it a secret?",63,"If you donated sperm or eggs, would you want to keep it a secret?",,,Life & Ethics,c76b8c70-efce-4474-832a-6c3cccb6550e,medium,TRUE,TRUE,FALSE,FALSE
What do you think about vaccinations?,37,,,,Health & Fertility,3e87b2c3-3314-44ae-9126-fccd8f27b1eb,medium,FALSE,TRUE,FALSE,FALSE
How do you sleep?,17,,,,Health & Fertility,3e87b2c3-3314-44ae-9126-fccd8f27b1eb,medium,FALSE,FALSE,FALSE,FALSE
What's your best physical feature?,34,,,,Health & Fertility,3e87b2c3-3314-44ae-9126-fccd8f27b1eb,medium,FALSE,FALSE,FALSE,FALSE
Have you donated sperm before?,30,Have you donated your sperm or eggs before?,,,Health & Fertility,3e87b2c3-3314-44ae-9126-fccd8f27b1eb,medium,TRUE,TRUE,FALSE,FALSE
Do you have any allergies?,26,,,,Health & Fertility,3e87b2c3-3314-44ae-9126-fccd8f27b1eb,medium,FALSE,FALSE,FALSE,FALSE
Can you describe what your parents or guardians looked like? ,61,,,FOLLOW UP: Are they hot?,Humour,ccdac514-519c-4c2c-b9e6-643688ac73ba,medium,FALSE,FALSE,FALSE,FALSE
Would you rather sew your own clothes or build your own home?,61,,,,Material Possessions & Finance,36f6dee9-9426-42fb-a922-792c87db2e1e,medium,FALSE,FALSE,FALSE,FALSE
What are you hopeful about?,27,,,,Personal views,d2886006-d0b3-4e77-abc9-b263ba51e79e,lighthearted,FALSE,FALSE,FALSE,FALSE
Are you someone who enjoys playing? ,36,,,,Love & Relationships,09704acd-f205-4afd-807d-692f8e513840,medium,FALSE,FALSE,FALSE,FALSE
What makes you jealous?,23,,,,Social practice & dependability,39a95767-630b-44f9-8d08-67ae64c6ab35,deep,FALSE,FALSE,FALSE,FALSE
Do you hold grudges?,20,,,"FOLLOW UP:  If so, who is on top of your list?",Social practice & dependability,39a95767-630b-44f9-8d08-67ae64c6ab35,deep,FALSE,FALSE,FALSE,FALSE
What are your three best qualities?,35,,,,Work & Ambition,d7afa659-277e-47f5-8d8a-3e12a53ca5d7,medium,FALSE,FALSE,FALSE,FALSE
How do you react to losing a game?,34,,,,Social practice & dependability,39a95767-630b-44f9-8d08-67ae64c6ab35,medium,FALSE,FALSE,FALSE,FALSE
How do you define success?,26,,,,Work & Ambition,d7afa659-277e-47f5-8d8a-3e12a53ca5d7,medium,FALSE,FALSE,FALSE,FALSE
What's your greatest achievement?,33,,,,Work & Ambition,d7afa659-277e-47f5-8d8a-3e12a53ca5d7,medium,FALSE,FALSE,FALSE,FALSE
What's your longest relationship or friendship?,47,,,FOLLOW UP: Tell me more?,Love & Relationships,09704acd-f205-4afd-807d-692f8e513840,deep,FALSE,FALSE,FALSE,FALSE
What's your confrontation style?,32,,,,Communication,7de96aae-e318-4718-bfa1-c7ecfeaa47f0,medium,FALSE,FALSE,FALSE,FALSE
When was the last time you lied?,32,,,FOLLOW UP: What about?,Communication,7de96aae-e318-4718-bfa1-c7ecfeaa47f0,deep,FALSE,TRUE,FALSE,FALSE
What's your relationship to authority or authority figures?,59,,,,Work & Ambition,d7afa659-277e-47f5-8d8a-3e12a53ca5d7,deep,FALSE,FALSE,FALSE,FALSE
Have you ever broken boundaries in a relationship?,50,,,,Love & Relationships,09704acd-f205-4afd-807d-692f8e513840,deep,FALSE,FALSE,FALSE,FALSE
Do you like rules?,18,,,,Work & Ambition,d7afa659-277e-47f5-8d8a-3e12a53ca5d7,medium,FALSE,FALSE,FALSE,FALSE
"Do you find it easy to make decisions, and do you tend to stick to them?",72,,,,Social practice & dependability,39a95767-630b-44f9-8d08-67ae64c6ab35,deep,FALSE,FALSE,FALSE,FALSE
When making choices are you lead by thought or feeling?,55,,,,Philosophical & Spiritual,50647b88-b49d-48c2-899f-01ec6f1ad77e,deep,FALSE,FALSE,FALSE,FALSE
What do you think are the qualities of a life fully lived?,58,,,,Philosophical & Spiritual,50647b88-b49d-48c2-899f-01ec6f1ad77e,deep,FALSE,FALSE,FALSE,FALSE
Would you like a tail?,22,,,,Humour,ccdac514-519c-4c2c-b9e6-643688ac73ba,lighthearted,FALSE,FALSE,FALSE,FALSE
What colour are you?,20,,,,Cultural Background & Family or Personal History,0144753f-3590-4091-bfeb-7433d137e5ba,lighthearted,FALSE,FALSE,FALSE,FALSE
Are you a fan of heights?,25,,,,Life & Ethics,c76b8c70-efce-4474-832a-6c3cccb6550e,medium,FALSE,FALSE,FALSE,FALSE
Are you in the zone?,20,,,,Humour,ccdac514-519c-4c2c-b9e6-643688ac73ba,lighthearted,FALSE,FALSE,FALSE,FALSE
Are you a bad boi?,18,,,FOLLOW UP: Boi,Humour,ccdac514-519c-4c2c-b9e6-643688ac73ba,lighthearted,FALSE,FALSE,FALSE,FALSE
Can you sing me a song?,23,,,,Literature or Cultural,9c219554-49de-4a99-8c14-86ea62a84c41,lighthearted,FALSE,FALSE,FALSE,FALSE
Are you funny? ,15,,,"FOLLOW UP: Prove it, tell me a joke?",Humour,ccdac514-519c-4c2c-b9e6-643688ac73ba,lighthearted,FALSE,FALSE,FALSE,FALSE
Do you like the taste of coriander?,35,,,,Health & Fertility,3e87b2c3-3314-44ae-9126-fccd8f27b1eb,lighthearted,FALSE,FALSE,FALSE,FALSE
What's your party trick?,24,,,,Humour,ccdac514-519c-4c2c-b9e6-643688ac73ba,lighthearted,FALSE,FALSE,FALSE,FALSE
Have you ever been unfaithful to a partner? ,44,,,FOLLOW UP: Was there a reason? And did you tell them?,Love & Relationships,09704acd-f205-4afd-807d-692f8e513840,deep,FALSE,FALSE,FALSE,FALSE
Do you have rhythm?,19,,,,Cultural Background & Family or personal History,0144753f-3590-4091-bfeb-7433d137e5ba,lighthearted,FALSE,FALSE,FALSE,FALSE
Do you have pizzaz?,19,,,,Humour,ccdac514-519c-4c2c-b9e6-643688ac73ba,lighthearted,FALSE,FALSE,FALSE,FALSE
Do you play any musical instruments? ,37,,,FOLLOW UP: Which ones?,Work & Ambition,d7afa659-277e-47f5-8d8a-3e12a53ca5d7,lighthearted,FALSE,FALSE,FALSE,FALSE
What types of TV shows do you like to watch?,44,,,,Literature or Cultural,9c219554-49de-4a99-8c14-86ea62a84c41,lighthearted,FALSE,FALSE,FALSE,FALSE
What are your top three TV shows or films?,42,,,,Literature or Cultural,9c219554-49de-4a99-8c14-86ea62a84c41,lighthearted,FALSE,FALSE,FALSE,FALSE
Would you go on a reality television programme? ,48,,,FOLLOW UP: Why or why not?,Literature or Cultural,9c219554-49de-4a99-8c14-86ea62a84c41,lighthearted,FALSE,FALSE,FALSE,FALSE
Are you related to or close friends with anyone famous?,55,,,FOLLOW UP: Who?,Literature or Cultural,9c219554-49de-4a99-8c14-86ea62a84c41,lighthearted,FALSE,FALSE,FALSE,FALSE
What was your favourite toy as a child?,39,,,,Cultural Background & Family or personal History,0144753f-3590-4091-bfeb-7433d137e5ba,medium,FALSE,FALSE,FALSE,FALSE
What's the first memory you have from childhood?,48,,,,Cultural Background & Family or personal History,0144753f-3590-4091-bfeb-7433d137e5ba,medium,FALSE,FALSE,FALSE,FALSE
Where would you like to go on holiday and why?,46,,,,Work & Ambition,d7afa659-277e-47f5-8d8a-3e12a53ca5d7,medium,FALSE,FALSE,FALSE,FALSE
How did you play as a child?,28,,,,Cultural Background & Family or personal History,0144753f-3590-4091-bfeb-7433d137e5ba,medium,FALSE,FALSE,FALSE,FALSE
Where do you store your memories?,33,,,,Philosophical & Spiritual,50647b88-b49d-48c2-899f-01ec6f1ad77e,medium,FALSE,FALSE,FALSE,FALSE
Do you believe in signs from the universe? ,43,,,,Philosophical & Spiritual,50647b88-b49d-48c2-899f-01ec6f1ad77e,medium,FALSE,FALSE,FALSE,FALSE
Are you a parent?,17,,,"FOLLOW UP:  If so, do you plan to have more children? If not, do you want to have children? ",Love & Relationships,09704acd-f205-4afd-807d-692f8e513840,medium,FALSE,TRUE,FALSE,FALSE
Have you ever thought about having kids?,40,,,,Love & Relationships,09704acd-f205-4afd-807d-692f8e513840,deep,FALSE,TRUE,FALSE,FALSE
Why did you want to do this? ,29,What attracted you to this project?,What motivated you to be here today?,,Work & Ambition,d7afa659-277e-47f5-8d8a-3e12a53ca5d7,deep,TRUE,TRUE,FALSE,FALSE
What's your relationship to fear?,33,,,,Personal views,d2886006-d0b3-4e77-abc9-b263ba51e79e,deep,FALSE,FALSE,FALSE,FALSE
What happens when you die?,26,,,,Philosophical & Spiritual,50647b88-b49d-48c2-899f-01ec6f1ad77e,deep,FALSE,FALSE,FALSE,FALSE
Can you: A) Roll your tongue B) Whistle C) Handstand D) Speak more than one language?,85,,,,Humour,ccdac514-519c-4c2c-b9e6-643688ac73ba,lighthearted,FALSE,FALSE,FALSE,FALSE
"Do you have any fears and phobias, and do you know where they came from?",72,,,,Philosophical & Spiritual,50647b88-b49d-48c2-899f-01ec6f1ad77e,deep,FALSE,FALSE,FALSE,FALSE
Do you have a question I should ask the next person?,52,,,,Personal views,d2886006-d0b3-4e77-abc9-b263ba51e79e,medium,FALSE,FALSE,FALSE,TRUE
"Who did you vote for in the last election, and why?",51,,,,Personal views,d2886006-d0b3-4e77-abc9-b263ba51e79e,deep,FALSE,FALSE,FALSE,FALSE
What makes you laugh?,21,,,,Humour,ccdac514-519c-4c2c-b9e6-643688ac73ba,lighthearted,FALSE,FALSE,FALSE,FALSE
When was the last time you belly laughed?,41,,,,Humour,ccdac514-519c-4c2c-b9e6-643688ac73ba,lighthearted,FALSE,FALSE,FALSE,FALSE
Can you tell me one of your favourite childhood memories?,57,,,,Cultural Background & Family or personal History,0144753f-3590-4091-bfeb-7433d137e5ba,deep,FALSE,FALSE,FALSE,FALSE
How do you stay connected with people in your life? ,52,,,,Philosophical & Spiritual,50647b88-b49d-48c2-899f-01ec6f1ad77e,deep,FALSE,FALSE,FALSE,FALSE
How do you keep with you the memories of those you've lost?,59,,,,Philosophical & Spiritual,50647b88-b49d-48c2-899f-01ec6f1ad77e,deep,FALSE,FALSE,FALSE,FALSE
What's your favourite place in the world?,41,,,,Work & Ambition,d7afa659-277e-47f5-8d8a-3e12a53ca5d7,medium,FALSE,FALSE,FALSE,FALSE
"If you were to donate your sperm to us, what sort of arrangement would you want with this future child?",103,"If you were to ever donate your sperm or eggs, what sort of arrangement would you want with the child?",,,Love & Relationships,09704acd-f205-4afd-807d-692f8e513840,medium,TRUE,TRUE,FALSE,FALSE
Are you scared?,15,,,,Personal views,d2886006-d0b3-4e77-abc9-b263ba51e79e,deep,FALSE,FALSE,FALSE,FALSE
Do you care about legacy?,25,,,,Philosophical & Spiritual,50647b88-b49d-48c2-899f-01ec6f1ad77e,medium,FALSE,FALSE,FALSE,FALSE
Are you a lawyer? ,18,,,FOLLOW UP: Do you have a lawyer?,Work & Ambition,d7afa659-277e-47f5-8d8a-3e12a53ca5d7,lighthearted,FALSE,FALSE,FALSE,FALSE
What are your thoughts on sex work?,35,,,,Personal views,d2886006-d0b3-4e77-abc9-b263ba51e79e,deep,FALSE,FALSE,FALSE,FALSE
How do you deal with grief?,27,,,,Philosophical & Spiritual,50647b88-b49d-48c2-899f-01ec6f1ad77e,deep,FALSE,FALSE,FALSE,FALSE
"Would you donate your sperm to me again, if I terminated a pregnancy the first time?",84,"Would you donate your sperm or eggs again, if the person terminated the pregnancy the first time?",,,Health & Fertility,3e87b2c3-3314-44ae-9126-fccd8f27b1eb,deep,FALSE,TRUE,FALSE,FALSE
Do you tend to get on with kids? ,33,,,"FOLLOW UP: Do you play games, which games?",Communication,7de96aae-e318-4718-bfa1-c7ecfeaa47f0,medium,FALSE,FALSE,FALSE,FALSE
What are your thoughts on owning property? ,43,,,FOLLOW UP: Are you a landlord?,Material Possessions & Finance,36f6dee9-9426-42fb-a922-792c87db2e1e,deep,FALSE,FALSE,FALSE,FALSE
What's your relationship with recreational substances?,54,,,,Personal views,d2886006-d0b3-4e77-abc9-b263ba51e79e,deep,FALSE,FALSE,FALSE,FALSE
What do you have to offer in the apocalypse?,44,,,,Work & Ambition,d7afa659-277e-47f5-8d8a-3e12a53ca5d7,medium,FALSE,FALSE,FALSE,FALSE
Do you like to draw?,20,,,FOLLOW UP: Can you draw me something?,Work & Ambition,d7afa659-277e-47f5-8d8a-3e12a53ca5d7,lighthearted,FALSE,FALSE,FALSE,FALSE
Do you run hot or cold?,23,,,,Health & Fertility,3e87b2c3-3314-44ae-9126-fccd8f27b1eb,lighthearted,FALSE,FALSE,FALSE,FALSE
Do you tend to be friends with your exes? ,42,,,FOLLOW UP: Why or why not?,Love & Relationships,09704acd-f205-4afd-807d-692f8e513840,medium,FALSE,FALSE,FALSE,FALSE
"If you were to donate sperm to me, how would you feel if you never got to see the child?",88,"If you were to donate your sperm or eggs to someone, how would you feel if you never got to see the child?",,,Love & Relationships,09704acd-f205-4afd-807d-692f8e513840,deep,TRUE,TRUE,FALSE,FALSE
Have you ever broken a promise?,31,,,,Communication,7de96aae-e318-4718-bfa1-c7ecfeaa47f0,deep,FALSE,FALSE,FALSE,FALSE
Are you in the public eye?,26,,,,Work & Ambition,d7afa659-277e-47f5-8d8a-3e12a53ca5d7,medium,FALSE,FALSE,FALSE,FALSE
Do your parents understand what you do for a living?,52,,,,Work & Ambition,d7afa659-277e-47f5-8d8a-3e12a53ca5d7,medium,FALSE,FALSE,FALSE,FALSE
What do you find easy?,22,,,,Work & Ambition,d7afa659-277e-47f5-8d8a-3e12a53ca5d7,medium,FALSE,FALSE,FALSE,FALSE
Do you believe crystals have special properties?,48,,,,Philosophical & Spiritual,50647b88-b49d-48c2-899f-01ec6f1ad77e,medium,FALSE,FALSE,FALSE,FALSE
How are you with goodbyes?,26,,,,Communication,7de96aae-e318-4718-bfa1-c7ecfeaa47f0,deep,FALSE,FALSE,FALSE,FALSE
What kind of baby were you?,27,,,,Cultural Background & Family or personal History,0144753f-3590-4091-bfeb-7433d137e5ba,medium,FALSE,FALSE,FALSE,FALSE
"If you had enough money to never work again, how would you spend your time?",75,,,,Work & Ambition,d7afa659-277e-47f5-8d8a-3e12a53ca5d7,medium,FALSE,FALSE,FALSE,FALSE
What about my health would you want to know before donating sperm to me?,72,What about someone's health would you want to know before considering donating sperm or eggs to them?,,,Health & Fertility,3e87b2c3-3314-44ae-9126-fccd8f27b1eb,deep,TRUE,TRUE,FALSE,FALSE
"If you were to donate sperm to me, does the fact that I've been on testosterone for 10 years raise any concerns?",112,"If you were to donate sperm or eggs to someone, does the fact that I've been on testosterone for 10 years raise any concerns?",,,Health & Fertility,3e87b2c3-3314-44ae-9126-fccd8f27b1eb,deep,TRUE,TRUE,FALSE,FALSE
Would you consider donating sperm to someone with a history of addiction?,73,Would you consider donating sperm or eggs to someone with a history of addiction?,,,Health & Fertility,3e87b2c3-3314-44ae-9126-fccd8f27b1eb,deep,TRUE,FALSE,FALSE,FALSE
What relationship in your life are you most proud of?,53,,,,Love & Relationships,09704acd-f205-4afd-807d-692f8e513840,deep,FALSE,FALSE,FALSE,FALSE
"If you donated sperm to me and this child needed a kidney, would you consider donating one, if you were a match?",112,"If you donated your sperm or eggs and that child needed a kidney, would you consider donating one, if you were a match?",,,Health & Fertility,3e87b2c3-3314-44ae-9126-fccd8f27b1eb,deep,TRUE,TRUE,FALSE,FALSE
Do you love with your heart or mind?,36,,,,Love & Relationships,09704acd-f205-4afd-807d-692f8e513840,medium,FALSE,FALSE,FALSE,FALSE
"If you were to be my donor, what do you see as your responsibilities?",69,"If you were to donate your sperm or eggs to someone, what would you see as your responsibilities?",,,Love & Relationships,09704acd-f205-4afd-807d-692f8e513840,medium,TRUE,TRUE,FALSE,TRUE
Is there anything else you feel like you should tell me?,56,,,,Social practice & dependability,39a95767-630b-44f9-8d08-67ae64c6ab35,medium,FALSE,FALSE,FALSE,TRUE
What does community mean to you?,32,,,,Social practice & dependability,39a95767-630b-44f9-8d08-67ae64c6ab35,medium,FALSE,FALSE,FALSE,FALSE
"If you were to donate to me and my boyfriend, how would you feel about this child being raised by a white parent?",113,"How would you feel about donating your sperm or eggs, to a couple of a different race or culture than you?",,,Cultural Background & Family or Personal History,0144753f-3590-4091-bfeb-7433d137e5ba,deep,TRUE,TRUE,FALSE,FALSE
Are you happy? ,15,,,,Philosophical & Spiritual,50647b88-b49d-48c2-899f-01ec6f1ad77e,deep,FALSE,FALSE,FALSE,FALSE
Do you have a will? ,20,,,FOLLOW UP: Why/why not?,Material Possessions & Finance,36f6dee9-9426-42fb-a922-792c87db2e1e,deep,FALSE,FALSE,FALSE,FALSE
Do you think it's important for your child to look like you?,60,,,,Personal views,d2886006-d0b3-4e77-abc9-b263ba51e79e,medium,FALSE,FALSE,FALSE,FALSE
Do you have anyone in your immediate family who isn't biologically related to you?,82,,,,Cultural Background & Family or personal History,0144753f-3590-4091-bfeb-7433d137e5ba,deep,FALSE,FALSE,FALSE,FALSE
"How would you feel if all children in the future, were conceived through donors?",80,,,,Philosophical & Spiritual,50647b88-b49d-48c2-899f-01ec6f1ad77e,deep,FALSE,FALSE,FALSE,FALSE
Have you or anyone you know donated sperm or eggs in the past?,62,,,,Health & Fertility,3e87b2c3-3314-44ae-9126-fccd8f27b1eb,medium,FALSE,TRUE,FALSE,FALSE
How do you feel about trans people having children?,51,,,,Personal views,d2886006-d0b3-4e77-abc9-b263ba51e79e,deep,FALSE,TRUE,FALSE,FALSE
How do you feel about men being pregnant?,41,,,,Personal views,d2886006-d0b3-4e77-abc9-b263ba51e79e,deep,FALSE,TRUE,FALSE,FALSE
Should I be concerned about our future child potentially being bullied for having trans parents?,96,,,,Personal views,d2886006-d0b3-4e77-abc9-b263ba51e79e,medium,FALSE,TRUE,FALSE,FALSE
"If you were to be my donor and I had a miscarriage, would you donate again?",75,"If you were to donate your sperm or eggs to someone, and they had a miscarriage, would you donate again?",,,Health & Fertility,3e87b2c3-3314-44ae-9126-fccd8f27b1eb,deep,TRUE,TRUE,FALSE,FALSE
"If you donated sperm to me and I had a miscarriage, would you tell people?",74,"If you donated your sperm or eggs to someone and they had a miscarriage, would you tell people?",,,Health & Fertility,3e87b2c3-3314-44ae-9126-fccd8f27b1eb,deep,TRUE,TRUE,FALSE,FALSE
"If you were to be our donor, how much information would you share with your family about my pregnancy?",102,"If you were to donate your sperm or eggs, how much information would you share with your family about the pregnancy?",,,Communication,7de96aae-e318-4718-bfa1-c7ecfeaa47f0,medium,TRUE,TRUE,FALSE,FALSE
"If you were to be my donor, would you like to tell people? ",59,"If you were to donate your sperm or eggs to someone, would you tell people?",,,Communication,7de96aae-e318-4718-bfa1-c7ecfeaa47f0,medium,TRUE,TRUE,FALSE,FALSE
What would raising a child without gender look like for you personally?,71,,,,Personal views,d2886006-d0b3-4e77-abc9-b263ba51e79e,medium,FALSE,TRUE,FALSE,FALSE
How important is gender to you?,31,,,,Personal views,d2886006-d0b3-4e77-abc9-b263ba51e79e,medium,FALSE,TRUE,FALSE,FALSE
How do you think our future child's life will be affected by having trans parents?,82,,,,Personal views,d2886006-d0b3-4e77-abc9-b263ba51e79e,deep,FALSE,TRUE,FALSE,FALSE
Do you know who Le Tigre are?,29,,,,Humour,ccdac514-519c-4c2c-b9e6-643688ac73ba,lighthearted,FALSE,FALSE,FALSE,FALSE
Do you think I will make a good parent?,39,,,,Philosophical & Spiritual,50647b88-b49d-48c2-899f-01ec6f1ad77e,medium,FALSE,TRUE,FALSE,TRUE
Do you think my future child will have a happier life if they grow up to be a man?,82,,,"FOLLOW UP: Dw, I'm not gonna force them to be a man if they arent. ",Social practice & dependability,39a95767-630b-44f9-8d08-67ae64c6ab35,deep,FALSE,FALSE,FALSE,TRUE
Do you think children raised by queer people are more likely to be queer or trans? ,83,,,"FOLLOW UP: If so, why?",Personal views,d2886006-d0b3-4e77-abc9-b263ba51e79e,deep,FALSE,TRUE,FALSE,FALSE
"If this future child says they are trans, how would you feel about us getting them gender affirming healthcare?",111,,,,Life & Ethics,c76b8c70-efce-4474-832a-6c3cccb6550e,deep,FALSE,TRUE,FALSE,TRUE
"Say you were my sperm donor and you donated to multiple families, would you be comfortable with the children being friends?",123,"If you were to donate your sperm or eggs to multiple families, would you be comfortable with the children being friends?",,,Love & Relationships,09704acd-f205-4afd-807d-692f8e513840,deep,TRUE,TRUE,FALSE,FALSE
"If you were to be our donor, would you donate to us to have multiple children?",78,"What things would you recommend I consider, when choosing a sperm donor?",,,Personal views,d2886006-d0b3-4e77-abc9-b263ba51e79e,medium,TRUE,TRUE,FALSE,FALSE
How many children is too many children?,39,,,,Life & Ethics,c76b8c70-efce-4474-832a-6c3cccb6550e,medium,FALSE,FALSE,FALSE,FALSE
How important do you think it is for a child to have siblings?,62,,,,Cultural Background & Family or personal History,0144753f-3590-4091-bfeb-7433d137e5ba,medium,FALSE,TRUE,FALSE,FALSE
"If you have a family of four, how many rooms should you have in your house?",75,,,,Material Possessions & Finance,36f6dee9-9426-42fb-a922-792c87db2e1e,medium,FALSE,FALSE,FALSE,FALSE
"Would you be okay with donating your sperm to an immigrant couple, who at some point would have to leave the UK?",112,"Would you be okay with donating your sperm or eggs to immigrants, who at some point would have to leave the UK?",,,Love & Relationships,09704acd-f205-4afd-807d-692f8e513840,medium,TRUE,TRUE,FALSE,FALSE
Were you raised in a single parent household?,45,,,FOLLOW UP: How do you think that has shaped your ideas or attitude towards parenting?,Cultural Background & Family or Personal History,0144753f-3590-4091-bfeb-7433d137e5ba,deep,FALSE,FALSE,FALSE,FALSE
Should a family stay together for the sake of their children?,61,,,,Life & Ethics,c76b8c70-efce-4474-832a-6c3cccb6550e,medium,FALSE,TRUE,FALSE,FALSE
Do you think having a child could help improve ones relationship?,65,,,,Life & Ethics,c76b8c70-efce-4474-832a-6c3cccb6550e,medium,FALSE,TRUE,FALSE,FALSE
"If I passed away, would you be comfortable with my partner raising this child as a single parent?",97,,,,Life & Ethics,c76b8c70-efce-4474-832a-6c3cccb6550e,medium,FALSE,TRUE,FALSE,TRUE
"People suggest adoption when conception isn't straight-forward, what do you think about that?",93,,,,Personal views,d2886006-d0b3-4e77-abc9-b263ba51e79e,deep,FALSE,TRUE,FALSE,FALSE
Are you less likely to donate sperm to someone who is single?,61,Are you less likely to donate your sperm or eggs to someone who is single?,,,Life & Ethics,c76b8c70-efce-4474-832a-6c3cccb6550e,medium,TRUE,FALSE,FALSE,FALSE
Would you be more inclined to donate to us if my partner was here asking these questions with me?,97,Do you think my partner should be here asking these questions with me?,,,Communication,7de96aae-e318-4718-bfa1-c7ecfeaa47f0,medium,TRUE,TRUE,FALSE,TRUE
Do you believe in ghosts?,25,,,FOLLOW UP: Have you ever had a paranormal experience? ,Humour,ccdac514-519c-4c2c-b9e6-643688ac73ba,lighthearted,FALSE,FALSE,FALSE,FALSE
Do you think donors should be paid for their hard work?,55,,,,Life & Ethics,c76b8c70-efce-4474-832a-6c3cccb6550e,medium,FALSE,TRUE,FALSE,TRUE
Do you think parents need to be legally married?,48,,,,Personal views,d2886006-d0b3-4e77-abc9-b263ba51e79e,medium,FALSE,TRUE,FALSE,FALSE
How do you feel about our future child not having a mother?,59,,,,Personal views,d2886006-d0b3-4e77-abc9-b263ba51e79e,medium,FALSE,TRUE,FALSE,FALSE
Did you have hair when you were born?,37,,,,Cultural Background & Family or personal History,0144753f-3590-4091-bfeb-7433d137e5ba,medium,FALSE,TRUE,FALSE,FALSE
Were you a cute baby?,21,,,FOLLOW UP: Prove it? Do you have a pic? Show me?,Cultural Background & Family or personal History,0144753f-3590-4091-bfeb-7433d137e5ba,medium,FALSE,TRUE,FALSE,FALSE
"As the birthing parent, do you think I should spend more time with the baby in their first three years?",103,,,,Life & Ethics,c76b8c70-efce-4474-832a-6c3cccb6550e,medium,FALSE,TRUE,FALSE,FALSE
How soon do you think I can go back to work following childbirth?,65,,,,Life & Ethics,c76b8c70-efce-4474-832a-6c3cccb6550e,deep,FALSE,TRUE,FALSE,FALSE
How important do you think it is for a baby to breastfeed?,58,,,,Life & Ethics,c76b8c70-efce-4474-832a-6c3cccb6550e,medium,FALSE,TRUE,FALSE,FALSE
How do you feel about people buying breast milk?,48,,,,Life & Ethics,c76b8c70-efce-4474-832a-6c3cccb6550e,medium,FALSE,TRUE,FALSE,FALSE
Which parent do you think should stay at home with the baby?,60,,,,Life & Ethics,c76b8c70-efce-4474-832a-6c3cccb6550e,medium,FALSE,TRUE,FALSE,FALSE
What's your relationship to your grandparents?,46,,,,Cultural Background & Family or personal History,0144753f-3590-4091-bfeb-7433d137e5ba,deep,FALSE,FALSE,FALSE,FALSE
How involved do you think grandparents need to be?,50,,,,Cultural Background & Family or personal History,0144753f-3590-4091-bfeb-7433d137e5ba,medium,FALSE,FALSE,FALSE,TRUE
"If you were to be our donor, would your parents consider themselves grandparents to this child?",95,"If you were to donate your sperm or eggs to someone, would your parents consider themselves grandparents to the child?",,,Cultural Background & Family or Personal History,0144753f-3590-4091-bfeb-7433d137e5ba,medium,TRUE,TRUE,FALSE,TRUE
What do you think constitutes a family?,39,,,,Personal views,d2886006-d0b3-4e77-abc9-b263ba51e79e,deep,FALSE,TRUE,FALSE,FALSE
How do you think your relationship to your own parents will impact your parenting style? ,89,,,,Cultural Background & Family or personal History,0144753f-3590-4091-bfeb-7433d137e5ba,deep,FALSE,FALSE,FALSE,FALSE
How important is it for children to have intergenerational relationships?,73,,,,Social practice & dependability,39a95767-630b-44f9-8d08-67ae64c6ab35,medium,FALSE,TRUE,FALSE,FALSE
Do you think it's a privilege to have a child?,46,,,,Personal views,d2886006-d0b3-4e77-abc9-b263ba51e79e,deep,FALSE,TRUE,FALSE,FALSE
Do you think it's important for children to have pets?,54,,,"FOLLOW UP: I'm allergic to all animal hair, how do you feel about this child never having a pet?",Personal views,d2886006-d0b3-4e77-abc9-b263ba51e79e,medium,FALSE,FALSE,FALSE,FALSE
"Given the climate crisis, do you think it's appropriate for me to have a child?",79,,,,Philosophical & Spiritual,50647b88-b49d-48c2-899f-01ec6f1ad77e,deep,FALSE,TRUE,FALSE,FALSE
Do you think it's selfish to have a child?,42,,,,Philosophical & Spiritual,50647b88-b49d-48c2-899f-01ec6f1ad77e,deep,FALSE,TRUE,FALSE,FALSE
What advice do you have for me as someone bringing a child into this burning world?,83,,,,Philosophical & Spiritual,50647b88-b49d-48c2-899f-01ec6f1ad77e,deep,FALSE,FALSE,TRUE,FALSE
How do you feel about children being raised outside their cultures? ,68,,,,Personal views,d2886006-d0b3-4e77-abc9-b263ba51e79e,deep,FALSE,FALSE,TRUE,FALSE
Do you have flat feet?,22,Are you hypermobile?,,,Health & Fertility,3e87b2c3-3314-44ae-9126-fccd8f27b1eb,medium,TRUE,FALSE,FALSE,FALSE
What was your first job?,24,,,,Work & Ambition,d7afa659-277e-47f5-8d8a-3e12a53ca5d7,medium,FALSE,FALSE,FALSE,FALSE
Do you have any tattoos?,24,,,FOLLOW UP: Where is it? what do they mean?,Cultural Background & Family or personal History,0144753f-3590-4091-bfeb-7433d137e5ba,medium,FALSE,FALSE,FALSE,FALSE
Do you collect anything?,24,,,,Material Possessions & Finance,36f6dee9-9426-42fb-a922-792c87db2e1e,lighthearted,FALSE,FALSE,FALSE,FALSE
Do you have a secret talent?,28,,,,Literature or Cultural,9c219554-49de-4a99-8c14-86ea62a84c41,lighthearted,FALSE,FALSE,FALSE,FALSE
Have you ever broken a bone?,28,,,FOLLOW UP: How? When? etc. ,Cultural Background & Family or personal History,0144753f-3590-4091-bfeb-7433d137e5ba,lighthearted,FALSE,FALSE,FALSE,FALSE
Where do you consider home?,27,,,,Cultural Background & Family or personal History,0144753f-3590-4091-bfeb-7433d137e5ba,medium,FALSE,FALSE,FALSE,FALSE
How do you feel about gossip?,29,,,"FOLLOW UP: tell me some gossip, go on. ",Communication,7de96aae-e318-4718-bfa1-c7ecfeaa47f0,medium,FALSE,FALSE,FALSE,FALSE
How strict were your parents?,29,,,,Cultural Background & Family or personal History,0144753f-3590-4091-bfeb-7433d137e5ba,medium,FALSE,FALSE,FALSE,FALSE
When was the last time you cried?,33,,,,Communication,7de96aae-e318-4718-bfa1-c7ecfeaa47f0,deep,FALSE,FALSE,FALSE,FALSE
Do you have any favourite restaurants you would recommend? ,59,,,"FOLLOW UP: Unrelated, I just need new places to eat!",Humour,ccdac514-519c-4c2c-b9e6-643688ac73ba,lighthearted,FALSE,FALSE,FALSE,FALSE
What's the first thing you thought of when you woke up this morning?,68,,,,Life & Ethics,c76b8c70-efce-4474-832a-6c3cccb6550e,deep,FALSE,FALSE,FALSE,FALSE
What's the last thing you thought of before you fell asleep last night?,71,,,,Life & Ethics,c76b8c70-efce-4474-832a-6c3cccb6550e,deep,FALSE,FALSE,FALSE,FALSE
Have you ever had a long distance relationship?,47,,,"FOLLOW UP: Who, where etc",Love & Relationships,09704acd-f205-4afd-807d-692f8e513840,medium,FALSE,FALSE,FALSE,FALSE
Do you think age gaps in relationships are a big deal?,54,,,,Love & Relationships,09704acd-f205-4afd-807d-692f8e513840,medium,FALSE,FALSE,FALSE,FALSE
"If you could be someone else for a day, who would you choose?",61,,,,Humour,ccdac514-519c-4c2c-b9e6-643688ac73ba,medium,FALSE,FALSE,FALSE,FALSE
Could you see us being friends?,31,,,,Love & Relationships,09704acd-f205-4afd-807d-692f8e513840,medium,FALSE,FALSE,FALSE,TRUE
Do you have any hobbies?,24,,,,Literature or Cultural,9c219554-49de-4a99-8c14-86ea62a84c41,lighthearted,FALSE,FALSE,FALSE,FALSE
Can you do a tongue twister?,28,,,,Humour,ccdac514-519c-4c2c-b9e6-643688ac73ba,lighthearted,FALSE,FALSE,FALSE,FALSE
"As a child, did you colour inside the lines or outside the lines?",65,,,,Cultural Background & Family or Personal History,0144753f-3590-4091-bfeb-7433d137e5ba,lighthearted,FALSE,FALSE,FALSE,FALSE
What's the last song you listened to?,37,,,,Literature or Cultural,9c219554-49de-4a99-8c14-86ea62a84c41,lighthearted,FALSE,FALSE,FALSE,FALSE